transacion_date,product,price,quantity,orders_id,customer_id
12/1/2010 8:26,WHITE HANGING HEART T-LIGHT HOLDER,2.55,6,e124c9620e294443bce178d2c03c4084,59cfeb2fde1744368241e854c0a3c58f
12/1/2010 8:26,WHITE METAL LANTERN,3.39,6,e4b902ef1d1c4ae8a41381c76a21d0de,59cfeb2fde1744368241e854c0a3c58f
12/1/2010 8:26,CREAM CUPID HEARTS COAT HANGER,2.75,8,31ab5fdbda134923a1a0af646deeaa08,9bb89c81eeda4bf09cf1b19beec0ca79
12/1/2010 8:26,KNITTED UNION FLAG HOT WATER BOTTLE,3.39,6,f3e939fe33d5456c9c0a576f03a6e7f0,e12b462f44554d6f99bb9a7f992a52a8
12/1/2010 8:26,RED WOOLLY HOTTIE WHITE HEART.,3.39,6,72cab5a361c04ffcb8384496aa688bb1,c7c4ea5deead4a2fad828adb13de5c4c
12/1/2010 8:26,SET 7 BABUSHKA NESTING BOXES,7.65,2,1768750f51554feebc0d0c80c8817d27,c7c4ea5deead4a2fad828adb13de5c4c
12/1/2010 8:26,GLASS STAR FROSTED T-LIGHT HOLDER,4.25,6,ccace4fc711f4609a35ed4060f841446,16f7dfb58b15447187fa7954d29ee361
12/1/2010 8:28,HAND WARMER UNION JACK,1.85,6,66401efc61e04d5592954486f2e580ee,16f7dfb58b15447187fa7954d29ee361
12/1/2010 8:28,HAND WARMER RED POLKA DOT,1.85,6,0b3afd9dc1e34682b353a83d5c8a5342,24ee24888e154779b16470c6dbd4f9e7
12/1/2010 8:34,JAM MAKING SET WITH JARS,4.25,6,50f00414258146e6a14f09f65693f33d,ff82348479ce40c795f42828c8f8d106
12/1/2010 8:34,RED COAT RACK PARIS FASHION,4.95,3,f2df7c53a8674db38be672b489454156,ff82348479ce40c795f42828c8f8d106
12/1/2010 8:34,YELLOW COAT RACK PARIS FASHION,4.95,3,953a89f0b1f6457caaaf45fe94ad4d37,6a609d6353fe4cbfaaff193185f71214
12/1/2010 8:34,BLUE COAT RACK PARIS FASHION,4.95,3,a1ebc3d1d60642b3aba56042e8ae71ad,f8cecae446f84d4bb6173914f68fa1d0
12/1/2010 8:34,ASSORTED COLOUR BIRD ORNAMENT,1.69,32,cc5ad9e3eeb0494b9ef8b4f0ae63e6d7,f8cecae446f84d4bb6173914f68fa1d0
12/1/2010 8:34,POPPY'S PLAYHOUSE BEDROOM ,2.1,6,643e8a7013b5490a8353965a6331ddd0,f8cecae446f84d4bb6173914f68fa1d0
12/1/2010 8:34,POPPY'S PLAYHOUSE KITCHEN,2.1,6,81da83f386a641a28f0be98aabd9d293,2ead11ee2e414ecdad250ceda7f20e2a
12/1/2010 8:34,FELTCRAFT PRINCESS CHARLOTTE DOLL,3.75,8,5a3033f95ff64183a5229f2d24efc650,2ead11ee2e414ecdad250ceda7f20e2a
12/1/2010 8:34,IVORY KNITTED MUG COSY ,1.65,6,0b903407027d46a186008ebf840a3f9a,2ead11ee2e414ecdad250ceda7f20e2a
12/1/2010 8:34,BOX OF 6 ASSORTED COLOUR TEASPOONS,4.25,6,5331dc1de5c34895b8c40bbc91d3eab6,59cfeb2fde1744368241e854c0a3c58f
12/1/2010 8:34,BOX OF VINTAGE JIGSAW BLOCKS ,4.95,3,4f7d2fe9792c49f6a0387ace9cbe9eaa,9bb89c81eeda4bf09cf1b19beec0ca79
12/1/2010 8:34,BOX OF VINTAGE ALPHABET BLOCKS,9.95,2,64894b8184bb4580a3a934bf7161047d,e12b462f44554d6f99bb9a7f992a52a8
12/1/2010 8:34,HOME BUILDING BLOCK WORD,5.95,3,0d3b0093e9e441bd81f191e5287f7b3c,c7c4ea5deead4a2fad828adb13de5c4c
12/1/2010 8:34,LOVE BUILDING BLOCK WORD,5.95,3,86cc53b21ead4d69b3f6a37bbb85178f,16f7dfb58b15447187fa7954d29ee361
12/1/2010 8:34,RECIPE BOX WITH METAL HEART,7.95,4,5693020355bd441db0ee8c82139898be,24ee24888e154779b16470c6dbd4f9e7
12/1/2010 8:34,DOORMAT NEW ENGLAND,7.95,4,51559a430ed34fb0b4f2da09add09414,ff82348479ce40c795f42828c8f8d106
12/1/2010 8:35,BATH BUILDING BLOCK WORD,5.95,3,c86366cf000143fb804df3d5d3a71d17,6a609d6353fe4cbfaaff193185f71214
12/1/2010 8:45,ALARM CLOCK BAKELIKE PINK,3.75,24,78f00ec08e174dc390d75a0c93dfe98e,6a609d6353fe4cbfaaff193185f71214
12/1/2010 8:45,ALARM CLOCK BAKELIKE RED ,3.75,24,cf291a5233c44b2ba532f6030e24f67e,f8cecae446f84d4bb6173914f68fa1d0
12/1/2010 8:45,ALARM CLOCK BAKELIKE GREEN,3.75,12,54de9884720a492abb9ff3efd5f5c2ac,2ead11ee2e414ecdad250ceda7f20e2a
12/1/2010 8:45,PANDA AND BUNNIES STICKER SHEET,0.85,12,58a46947c2964648ae1befdec3b4b86b,2ead11ee2e414ecdad250ceda7f20e2a
12/1/2010 8:45,STARS GIFT TAPE ,0.65,24,1358fd91bb274919a19bc73a9e2ffcac,59cfeb2fde1744368241e854c0a3c58f
12/1/2010 8:45,INFLATABLE POLITICAL GLOBE ,0.85,48,aaf0913ffcf0439a836dc7b7ca9c93c1,9bb89c81eeda4bf09cf1b19beec0ca79
12/1/2010 8:45,VINTAGE HEADS AND TAILS CARD GAME ,1.25,24,8e3a5ec929de423f9a0bad9191de9b4e,e12b462f44554d6f99bb9a7f992a52a8
12/1/2010 8:45,SET/2 RED RETROSPOT TEA TOWELS ,2.95,18,2a9b059b74444191939b9eff9c4708c1,c7c4ea5deead4a2fad828adb13de5c4c
12/1/2010 8:45,ROUND SNACK BOXES SET OF4 WOODLAND ,2.95,24,71ce26d9f7b9447e8786b4a446b5dd11,16f7dfb58b15447187fa7954d29ee361
12/1/2010 8:45,SPACEBOY LUNCH BOX ,1.95,24,d49899857d9c4a2ca427d6a651591825,16f7dfb58b15447187fa7954d29ee361
12/1/2010 8:45,LUNCH BOX I LOVE LONDON,1.95,24,bffab77cb82446c2a9aac46723bef739,24ee24888e154779b16470c6dbd4f9e7
12/1/2010 8:45,CIRCUS PARADE LUNCH BOX ,1.95,24,d6d724a2fe5347de9e4e57821902a9cf,24ee24888e154779b16470c6dbd4f9e7
12/1/2010 8:45,CHARLOTTE BAG DOLLY GIRL DESIGN,0.85,20,42279c8d064643799804f3efc2fe8e9c,ff82348479ce40c795f42828c8f8d106
12/1/2010 8:45,RED TOADSTOOL LED NIGHT LIGHT,1.65,24,05c104fb6efb49c583c23d13e0a79621,6a609d6353fe4cbfaaff193185f71214
12/1/2010 8:45, SET 2 TEA TOWELS I LOVE LONDON ,2.95,24,e6ac1811104242b1b151c2dc58c072c0,6a609d6353fe4cbfaaff193185f71214
12/1/2010 8:45,VINTAGE SEASIDE JIGSAW PUZZLES,3.75,12,ded43cd37434482a853e60b68da3115e,6a609d6353fe4cbfaaff193185f71214
12/1/2010 8:45,MINI JIGSAW CIRCUS PARADE ,0.42,24,80f666a286d24f868578751f65ab47cd,6a609d6353fe4cbfaaff193185f71214
12/1/2010 8:45,MINI JIGSAW SPACEBOY,0.42,24,862a660c11e9432195328b18f6885c55,f8cecae446f84d4bb6173914f68fa1d0
12/1/2010 8:45,MINI PAINT SET VINTAGE ,0.65,36,dbd89da7db564197a7296e2e6badaabd,f8cecae446f84d4bb6173914f68fa1d0
12/1/2010 8:45,POSTAGE,18.0,3,cf4c1471dc984246a6440d9d1a68f5a7,f8cecae446f84d4bb6173914f68fa1d0
12/1/2010 9:00,PAPER CHAIN KIT 50'S CHRISTMAS ,2.55,80,d976eb48f500491eb6055da6eee31df1,2ead11ee2e414ecdad250ceda7f20e2a
12/1/2010 9:01,HAND WARMER RED POLKA DOT,1.85,6,d07e391974114c818b763be33ce35996,59cfeb2fde1744368241e854c0a3c58f
12/1/2010 9:01,HAND WARMER UNION JACK,1.85,6,5d6f5de884b147f39fa81c3fe5f09a2b,59cfeb2fde1744368241e854c0a3c58f
12/1/2010 9:02,WHITE HANGING HEART T-LIGHT HOLDER,2.55,6,7404a6917f434d83a2693e843a7e87fd,9bb89c81eeda4bf09cf1b19beec0ca79
12/1/2010 9:02,WHITE METAL LANTERN,3.39,6,1e14ed35b7fc43229cd296c465b4c262,e12b462f44554d6f99bb9a7f992a52a8
12/1/2010 9:02,CREAM CUPID HEARTS COAT HANGER,2.75,8,c7ec04a1d3734eddb8a5a05fc8cd8717,e12b462f44554d6f99bb9a7f992a52a8
12/1/2010 9:02,EDWARDIAN PARASOL RED,4.95,6,2e1c3070bf5d4bf79cc9b224c69aeb02,c7c4ea5deead4a2fad828adb13de5c4c
12/1/2010 9:02,RETRO COFFEE MUGS ASSORTED,1.06,6,a4e4ec6d9783492fb918b7c7a6b0d427,16f7dfb58b15447187fa7954d29ee361
12/1/2010 9:02,SAVE THE PLANET MUG,1.06,6,a344506b22f4429cb6f0c34f04f0fc37,16f7dfb58b15447187fa7954d29ee361
12/1/2010 9:02,VINTAGE BILLBOARD DRINK ME MUG,1.06,6,6cce473c151f4415b5effa7d3b035cc1,16f7dfb58b15447187fa7954d29ee361
12/1/2010 9:02,VINTAGE BILLBOARD LOVE/HATE MUG,1.06,6,b1443af6e73a4c50ae8db1328ea8037a,24ee24888e154779b16470c6dbd4f9e7
12/1/2010 9:02,WOOD 2 DRAWER CABINET WHITE FINISH,4.95,2,e3cb81ba0a9b4b238ff945ead5ea7359,24ee24888e154779b16470c6dbd4f9e7
12/1/2010 9:02,WOOD S/3 CABINET ANT WHITE FINISH,6.95,4,8ed8128322c44cd091033a06661e89b5,ff82348479ce40c795f42828c8f8d106
12/1/2010 9:02,WOODEN PICTURE FRAME WHITE FINISH,2.1,6,3c462c6ce26d4e1081259cc4f393484d,6a609d6353fe4cbfaaff193185f71214
12/1/2010 9:02,WOODEN FRAME ANTIQUE WHITE ,2.55,6,e9fea11f893f479093563f24357f0589,f8cecae446f84d4bb6173914f68fa1d0
12/1/2010 9:02,KNITTED UNION FLAG HOT WATER BOTTLE,3.39,6,4bb32dc9e4c6456faa7ea5b712248f74,f8cecae446f84d4bb6173914f68fa1d0
12/1/2010 9:02,RED WOOLLY HOTTIE WHITE HEART.,3.39,6,f1cc7b11f609455eaffd0c18a66fbc9a,2ead11ee2e414ecdad250ceda7f20e2a
12/1/2010 9:02,SET 7 BABUSHKA NESTING BOXES,7.65,2,499b79ff48034778a5f23f1677e66b76,59cfeb2fde1744368241e854c0a3c58f
12/1/2010 9:02,GLASS STAR FROSTED T-LIGHT HOLDER,4.25,6,d6110ed282674856a2a64bcc6909ece3,59cfeb2fde1744368241e854c0a3c58f
12/1/2010 9:09,VICTORIAN SEWING BOX LARGE,10.95,32,cd5c0fa6a1cd40bc864ee5b0631d98ba,9bb89c81eeda4bf09cf1b19beec0ca79
12/1/2010 9:32,WHITE HANGING HEART T-LIGHT HOLDER,2.55,6,5a9780261f1b4ef79c7cf733c1450f23,e12b462f44554d6f99bb9a7f992a52a8
12/1/2010 9:32,WHITE METAL LANTERN,3.39,6,1490d7871b5d4a0abdab948c824f91a3,c7c4ea5deead4a2fad828adb13de5c4c
12/1/2010 9:32,CREAM CUPID HEARTS COAT HANGER,2.75,8,e75394893be34c399e7eb337eb0d4c68,16f7dfb58b15447187fa7954d29ee361
12/1/2010 9:32,EDWARDIAN PARASOL RED,4.95,6,8898503b602d46a286b8a2dfa35eb7fd,24ee24888e154779b16470c6dbd4f9e7
12/1/2010 9:32,RETRO COFFEE MUGS ASSORTED,1.06,6,c66d2042f1824c4d9357b11cb4d6d336,ff82348479ce40c795f42828c8f8d106
12/1/2010 9:32,SAVE THE PLANET MUG,1.06,6,c27b8df09c474c9294546a57d8326dfb,6a609d6353fe4cbfaaff193185f71214
12/1/2010 9:32,VINTAGE BILLBOARD DRINK ME MUG,1.06,6,67cf262da09c488b81c6cef617224d51,f8cecae446f84d4bb6173914f68fa1d0
12/1/2010 9:32,VINTAGE BILLBOARD LOVE/HATE MUG,1.06,6,43cd0105af7844b39404c2e60ad99653,2ead11ee2e414ecdad250ceda7f20e2a
12/1/2010 9:32,WOOD 2 DRAWER CABINET WHITE FINISH,4.95,2,e878fafc7d384eec994f46e9286a11fd,59cfeb2fde1744368241e854c0a3c58f
12/1/2010 9:32,WOOD S/3 CABINET ANT WHITE FINISH,6.95,4,f8052d99702542d585e228fad0c95acf,9bb89c81eeda4bf09cf1b19beec0ca79
12/1/2010 9:32,WOODEN PICTURE FRAME WHITE FINISH,2.1,6,003c968eb0584ac69c74e1ebc2e5d226,e12b462f44554d6f99bb9a7f992a52a8
12/1/2010 9:32,WOODEN FRAME ANTIQUE WHITE ,2.55,6,88ee4fcc15184a74a7b4aef127812d8b,e12b462f44554d6f99bb9a7f992a52a8
12/1/2010 9:32,KNITTED UNION FLAG HOT WATER BOTTLE,3.39,6,8d0c0af8976b4a41a3c70a0fbd007373,e12b462f44554d6f99bb9a7f992a52a8
12/1/2010 9:32,RED WOOLLY HOTTIE WHITE HEART.,3.39,6,5b771031f7f94e0e8d614b472cd2c135,c7c4ea5deead4a2fad828adb13de5c4c
12/1/2010 9:32,SET 7 BABUSHKA NESTING BOXES,7.65,2,5169bfa74d19451e8dcd5b93e0c86d9c,16f7dfb58b15447187fa7954d29ee361
12/1/2010 9:32,GLASS STAR FROSTED T-LIGHT HOLDER,4.25,6,8e7d5fd5fd1b4e74b5e42ca82c9c05b4,16f7dfb58b15447187fa7954d29ee361
12/1/2010 9:32,HOT WATER BOTTLE TEA AND SYMPATHY,3.45,48,dc5772c89c714d54a4e08595f634e110,24ee24888e154779b16470c6dbd4f9e7
12/1/2010 9:32,RED HANGING HEART T-LIGHT HOLDER,2.55,64,c1d36e6dc00046e9a137f58b928e26d2,ff82348479ce40c795f42828c8f8d106
12/1/2010 9:34,HAND WARMER RED POLKA DOT,1.85,6,74dc407642e54efbb78c586b8b4aafa8,ff82348479ce40c795f42828c8f8d106
12/1/2010 9:34,HAND WARMER UNION JACK,1.85,6,b1311a00856648c2a9120d397cb6f98f,6a609d6353fe4cbfaaff193185f71214
12/1/2010 9:37,JUMBO BAG PINK POLKADOT,1.95,10,7f12c55572cb4f7183262060c0141328,f8cecae446f84d4bb6173914f68fa1d0
12/1/2010 9:37,JUMBO  BAG BAROQUE BLACK WHITE,1.95,10,5faa0c791f0f42838116d5edf4ccee60,f8cecae446f84d4bb6173914f68fa1d0
12/1/2010 9:37,JUMBO BAG CHARLIE AND LOLA TOYS,2.95,10,ccfe8c1ba74e42078f889f678c10e5eb,2ead11ee2e414ecdad250ceda7f20e2a
12/1/2010 9:37,STRAWBERRY CHARLOTTE BAG,0.85,10,a98eaf977975425cb74252da92cb41f7,59cfeb2fde1744368241e854c0a3c58f
12/1/2010 9:37,RED 3 PIECE RETROSPOT CUTLERY SET,3.75,12,86ee9b460d5b4cc0b57dae0a9e0f5f5d,59cfeb2fde1744368241e854c0a3c58f
12/1/2010 9:37,BLUE 3 PIECE POLKADOT CUTLERY SET,3.75,6,df59a028ecf74e21a199a345c95f0475,9bb89c81eeda4bf09cf1b19beec0ca79
12/1/2010 9:37,SET/6 RED SPOTTY PAPER PLATES,0.85,12,8a1c1dadedd842a5ae33c534fab0d1d1,e12b462f44554d6f99bb9a7f992a52a8
12/1/2010 9:37,LUNCH BAG RED RETROSPOT,1.65,10,040030a20c384eb1a5894c06055a39bc,c7c4ea5deead4a2fad828adb13de5c4c
12/1/2010 9:37,STRAWBERRY LUNCH BOX WITH CUTLERY,2.55,6,c67320ba36304bf68b3b8d019db0b4d8,16f7dfb58b15447187fa7954d29ee361
12/1/2010 9:37,LUNCH BOX WITH CUTLERY RETROSPOT ,2.55,6,d19c08fb1eb24d9da86ca11ed4b3f2cf,16f7dfb58b15447187fa7954d29ee361
12/1/2010 9:37,PACK OF 72 RETROSPOT CAKE CASES,0.42,120,3676caf12e2b4d73aa951828217b3250,24ee24888e154779b16470c6dbd4f9e7
12/1/2010 9:37,PACK OF 60 DINOSAUR CAKE CASES,0.55,24,faea1f0d980c4ffa8751ee4122bba210,ff82348479ce40c795f42828c8f8d106
12/1/2010 9:37,PACK OF 60 PINK PAISLEY CAKE CASES,0.55,24,bca6863e596e498e83a935046395b1bb,ff82348479ce40c795f42828c8f8d106
12/1/2010 9:37,60 TEATIME FAIRY CAKE CASES,0.55,24,2609a78e37c445908a50b084d8c15c2d,ff82348479ce40c795f42828c8f8d106
12/1/2010 9:37,TOMATO CHARLIE+LOLA COASTER SET,2.95,6,b5e377662d354bfd90d4be9ada44dd06,6a609d6353fe4cbfaaff193185f71214
12/1/2010 9:37,CHARLIE & LOLA WASTEPAPER BIN FLORA,1.25,48,ee17ec2a2fcd4368808c697e3bd6e87e,f8cecae446f84d4bb6173914f68fa1d0
12/1/2010 9:37,RED CHARLIE+LOLA PERSONAL DOORSIGN,0.38,96,35e6b57588004e5fb656b4c46ca972d6,2ead11ee2e414ecdad250ceda7f20e2a
12/1/2010 9:37,JUMBO STORAGE BAG SUKI,1.95,10,544839d590b44af18b6060cb3a6bf729,2ead11ee2e414ecdad250ceda7f20e2a
12/1/2010 9:37,JUMBO BAG PINK VINTAGE PAISLEY,1.95,10,a8ace05156814a03bd08604eef1f4c4e,59cfeb2fde1744368241e854c0a3c58f
12/1/2010 9:41,JAM MAKING SET PRINTED,1.45,24,94d7776ca68d4361b6cf87f94fcfe7f7,9bb89c81eeda4bf09cf1b19beec0ca79
12/1/2010 9:41,RETROSPOT TEA SET CERAMIC 11 PC ,4.25,23,757a9ff9405341bfa9bc3dcad2f391f5,9bb89c81eeda4bf09cf1b19beec0ca79
12/1/2010 9:41,GIRLY PINK TOOL SET,4.95,5,cf53be84095244058a92f0e3de495084,e12b462f44554d6f99bb9a7f992a52a8
12/1/2010 9:41,JUMBO SHOPPER VINTAGE RED PAISLEY,1.95,10,8b65a9b6af1c4e26a46c8a7e625e7326,c7c4ea5deead4a2fad828adb13de5c4c
12/1/2010 9:41,"AIRLINE LOUNGE,METAL SIGN",2.1,2,17cbbdae7dbe46e9ad24ab67ec98c59e,16f7dfb58b15447187fa7954d29ee361
12/1/2010 9:41,WHITE SPOT RED CERAMIC DRAWER KNOB,1.25,6,0df0ddf600dd4539bca5bcf1995a75ba,24ee24888e154779b16470c6dbd4f9e7
12/1/2010 9:41,RED DRAWER KNOB ACRYLIC EDWARDIAN,1.25,24,dbae7bbb292a429cb2f0ec73ec6efd01,ff82348479ce40c795f42828c8f8d106
12/1/2010 9:41,CLEAR DRAWER KNOB ACRYLIC EDWARDIAN,1.25,24,eb75a7949e1846d9a628adb30de27a84,6a609d6353fe4cbfaaff193185f71214
12/1/2010 9:41,PHOTO CLIP LINE,1.25,1,b4b5e33779a14d7a91a4040aef5cfde6,f8cecae446f84d4bb6173914f68fa1d0
12/1/2010 9:41,FELT EGG COSY CHICKEN,0.85,1,a951997eece942438ce266ca550ed39d,2ead11ee2e414ecdad250ceda7f20e2a
12/1/2010 9:41,PIGGY BANK RETROSPOT ,2.55,1,22ae5f20bfd343bea3d66037f3d14c63,2ead11ee2e414ecdad250ceda7f20e2a
12/1/2010 9:41,SKULL SHOULDER BAG,1.65,10,6d898354b04d49e49f4b02c6b833ed92,59cfeb2fde1744368241e854c0a3c58f
12/1/2010 9:41,YOU'RE CONFUSING ME METAL SIGN ,1.69,3,e563df6ab3d84b52b0c75903829229fc,59cfeb2fde1744368241e854c0a3c58f
12/1/2010 9:41,COOK WITH WINE METAL SIGN ,1.95,1,c71ba94d1fc24fe1951249fb573b2811,59cfeb2fde1744368241e854c0a3c58f
12/1/2010 9:41,GIN + TONIC DIET METAL SIGN,2.1,2,09eb2b6a599f418eb628dc23eb10ab6d,9bb89c81eeda4bf09cf1b19beec0ca79
12/1/2010 9:41,YELLOW BREAKFAST CUP AND SAUCER,2.95,1,c201862a31c04e888b38e90ff2014d6c,9bb89c81eeda4bf09cf1b19beec0ca79
12/1/2010 9:41,PINK BREAKFAST CUP AND SAUCER ,2.95,1,b0af186b4135441fb09a3cb4bcee5ed2,9bb89c81eeda4bf09cf1b19beec0ca79
12/1/2010 9:41,PAPER CHAIN KIT 50'S CHRISTMAS ,2.95,4,3cea9175601f4c819c7bf85115226817,e12b462f44554d6f99bb9a7f992a52a8
12/1/2010 9:41,PAPER CHAIN KIT RETROSPOT,2.95,1,fd81922b2a8a4fe68f0552b8d7b80cdd,c7c4ea5deead4a2fad828adb13de5c4c
12/1/2010 9:41,SMALL HEART FLOWERS HOOK ,0.85,6,0609b0038faf4d9e98f510afa3689a7d,16f7dfb58b15447187fa7954d29ee361
12/1/2010 9:41,PHOTO CLIP LINE,1.25,3,540da3e222404d96b697b78d11336fe8,16f7dfb58b15447187fa7954d29ee361
12/1/2010 9:41,TEA TIME DES TEA COSY,2.55,2,7d4156c03f03475dbab12e27d12cfa98,16f7dfb58b15447187fa7954d29ee361
12/1/2010 9:41,FELT EGG COSY WHITE RABBIT ,0.85,1,0463d347b5d246b4bb1151c632b8e8f6,24ee24888e154779b16470c6dbd4f9e7
12/1/2010 9:41,ZINC WILLIE WINKIE  CANDLE STICK,0.85,1,1aa60200a5ef40c3bee06e2bc33c2712,ff82348479ce40c795f42828c8f8d106
12/1/2010 9:41,CERAMIC CHERRY CAKE MONEY BANK,1.45,1,5a678fee6e1e4f31990457f176265f0e,ff82348479ce40c795f42828c8f8d106
12/1/2010 9:41,RETROSPOT LARGE MILK JUG,4.95,1,b7d3926c4de6465cbb73598748b68e35,6a609d6353fe4cbfaaff193185f71214
12/1/2010 9:41,SET OF 6 FUNKY BEAKERS,2.95,2,7ab5536cb5024e1d9f8d498cc9a4bc14,f8cecae446f84d4bb6173914f68fa1d0
12/1/2010 9:41,EDWARDIAN PARASOL BLACK,5.95,2,2a9e095decf74890a2229e700fb79ee4,2ead11ee2e414ecdad250ceda7f20e2a
12/1/2010 9:41,EDWARDIAN PARASOL NATURAL,5.95,2,2e97c5317d084f44b8e5e57d3ca61fb2,59cfeb2fde1744368241e854c0a3c58f
12/1/2010 9:41,CERAMIC STRAWBERRY CAKE MONEY BANK,1.45,4,6afa0bfba1e64208b9bd5bc5ba78eff3,9bb89c81eeda4bf09cf1b19beec0ca79
12/1/2010 9:41,BLUE OWL SOFT TOY,2.95,1,343fd6a6beb9497098d6870670aff035,9bb89c81eeda4bf09cf1b19beec0ca79
12/1/2010 9:41,BALLOON ART MAKE YOUR OWN FLOWERS,1.95,1,61655eabba9844a186c36b367513ed4d,e12b462f44554d6f99bb9a7f992a52a8
12/1/2010 9:41,RED TOADSTOOL LED NIGHT LIGHT,1.65,2,d7e0a943d4874883a808a51d96fdb510,c7c4ea5deead4a2fad828adb13de5c4c
12/1/2010 9:41,GLASS CLOCHE SMALL,3.95,3,c89e6b896292481f8563d78dd2aed0be,16f7dfb58b15447187fa7954d29ee361
12/1/2010 9:41,GUMBALL MONOCHROME COAT RACK,1.06,36,67e3c09997bc41719a9e1d4f3ded4e64,24ee24888e154779b16470c6dbd4f9e7
12/1/2010 9:41,DOORMAT FANCY FONT HOME SWEET HOME,6.75,10,dfe40638911a49ba9d65091421337f4b,ff82348479ce40c795f42828c8f8d106
12/1/2010 9:41,Discount,27.5,-1,910e4d76209d4066b14713cbccb36ddf,6a609d6353fe4cbfaaff193185f71214
12/1/2010 9:45,INFLATABLE POLITICAL GLOBE ,0.85,12,de09448862c54c9d9d8857f60b280060,f8cecae446f84d4bb6173914f68fa1d0
12/1/2010 9:45,VINTAGE SNAKES & LADDERS,3.75,8,8af52bfc579343329eb38eaabbdc0565,2ead11ee2e414ecdad250ceda7f20e2a
12/1/2010 9:45,CHOCOLATE CALCULATOR,1.65,12,261b78e8ea004e019c0f57fc874baa44,2ead11ee2e414ecdad250ceda7f20e2a
12/1/2010 9:45,JUMBO SHOPPER VINTAGE RED PAISLEY,1.95,10,75f15686f2a140df8dfcfc8355f86b40,59cfeb2fde1744368241e854c0a3c58f
12/1/2010 9:45,RECYCLING BAG RETROSPOT ,2.1,10,14413818f4eb44d88340058f3ef61168,9bb89c81eeda4bf09cf1b19beec0ca79
12/1/2010 9:45,TOY TIDY PINK POLKADOT,1.85,50,4e0fd9d2ba2e4a088ac8b7c4d1d219e6,e12b462f44554d6f99bb9a7f992a52a8
12/1/2010 9:45,ANTIQUE GLASS DRESSING TABLE POT,2.95,8,c73b23e4f14f436f9647af41ffa0b2da,c7c4ea5deead4a2fad828adb13de5c4c
12/1/2010 9:45,ALARM CLOCK BAKELIKE GREEN,3.75,4,65d46109f7d940928b807c8a60d1439b,c7c4ea5deead4a2fad828adb13de5c4c
12/1/2010 9:45,IVORY GIANT GARDEN THERMOMETER,5.95,12,a713a12835d44be7935cfdab7251a57d,16f7dfb58b15447187fa7954d29ee361
12/1/2010 9:45,3 TIER CAKE TIN GREEN AND CREAM,14.95,2,3b16e697db4f457eb3e6e3758f882234,24ee24888e154779b16470c6dbd4f9e7
12/1/2010 9:45,3 TIER CAKE TIN RED AND CREAM,14.95,2,5e9a7d68c4fd4ceca01dfa129dfa30fb,24ee24888e154779b16470c6dbd4f9e7
12/1/2010 9:45,SET 3 WICKER OVAL BASKETS W LIDS,16.95,4,05a6fb93297d422181fd4ce5984e176b,ff82348479ce40c795f42828c8f8d106
12/1/2010 9:49,SET OF 3 COLOURED  FLYING DUCKS,4.65,-1,1d3b2b9956264f4e81bdfedad4761c45,6a609d6353fe4cbfaaff193185f71214
12/1/2010 9:53,WOOD BLACK BOARD ANT WHITE FINISH,6.45,3,d557f9ad59654867a5d7fda42ac7a81b,f8cecae446f84d4bb6173914f68fa1d0
12/1/2010 9:53,COLOUR GLASS T-LIGHT HOLDER HANGING,0.65,48,fd22c487f33d4057ae481df564f90f60,2ead11ee2e414ecdad250ceda7f20e2a
12/1/2010 9:53,HANGING METAL HEART LANTERN,1.65,12,17db0247f38046f3a1bd710957d0b470,59cfeb2fde1744368241e854c0a3c58f
12/1/2010 9:53,HANGING MEDINA LANTERN SMALL,2.95,6,87b1fe43cb8b46bf91d3fc2238c680b7,59cfeb2fde1744368241e854c0a3c58f
12/1/2010 9:53,NATURAL SLATE HEART CHALKBOARD ,2.95,12,700c7fe9dd2049c6a93758b549703606,59cfeb2fde1744368241e854c0a3c58f
12/1/2010 9:53,HEART OF WICKER SMALL,1.45,40,fe7c6461f16f45c0ad4ad124c9a5adb3,9bb89c81eeda4bf09cf1b19beec0ca79
12/1/2010 9:53,HEART OF WICKER LARGE,2.55,40,19e817a49c2140468616aeb9290178a8,9bb89c81eeda4bf09cf1b19beec0ca79
12/1/2010 9:53,WHITE LOVEBIRD LANTERN,2.95,6,f2a375d3d4b34be5abb545a2f40e9d9e,e12b462f44554d6f99bb9a7f992a52a8
12/1/2010 9:53,CLASSIC METAL BIRDCAGE PLANT HOLDER,12.75,2,d9f6ebfc66fe4327a887f9f74641d398,c7c4ea5deead4a2fad828adb13de5c4c
12/1/2010 9:53,CREAM HEART CARD HOLDER,3.95,4,7c34db05a1dd41af8a9eecd070dfb1d0,16f7dfb58b15447187fa7954d29ee361
12/1/2010 9:53,ENAMEL FLOWER JUG CREAM,5.95,3,0ad11b4d1afb4e05a5021bffbc33cba1,24ee24888e154779b16470c6dbd4f9e7
12/1/2010 9:53,ENAMEL FIRE BUCKET CREAM,6.95,6,8e3008d5cd834e419e86b9604a86af3c,ff82348479ce40c795f42828c8f8d106
12/1/2010 9:53,ENAMEL BREAD BIN CREAM,10.95,8,3c2fc55a8bd8462e807fa47933800b9d,6a609d6353fe4cbfaaff193185f71214
12/1/2010 9:56,SET 3 WICKER OVAL BASKETS W LIDS,19.95,1,c5809dffeaae498f84d6c0b1ed900557,f8cecae446f84d4bb6173914f68fa1d0
12/1/2010 9:56,JAM MAKING SET PRINTED,1.45,12,f179d6fec08746cb841d8f846f98f97f,2ead11ee2e414ecdad250ceda7f20e2a
12/1/2010 9:56,JAM MAKING SET WITH JARS,4.25,6,5ba8c25fbb3441bd92a4e4a1755bbe22,59cfeb2fde1744368241e854c0a3c58f
12/1/2010 9:56,JUMBO BAG DOLLY GIRL DESIGN,1.95,10,4f0f28a578904c7c9d69bf9791543bf0,9bb89c81eeda4bf09cf1b19beec0ca79
12/1/2010 9:56,TRADITIONAL CHRISTMAS RIBBONS,1.25,12,a3d0e5bce3a249eba04a5d80d265f7c5,e12b462f44554d6f99bb9a7f992a52a8
12/1/2010 9:56,ORGANISER WOOD ANTIQUE WHITE ,8.5,2,8d5c6743bf9345b195fab4bc628a6d8e,e12b462f44554d6f99bb9a7f992a52a8
12/1/2010 9:56,LUNCH BAG DOLLY GIRL DESIGN,1.65,10,717a55ad92924e0b82c02c5a1d71a204,e12b462f44554d6f99bb9a7f992a52a8
12/1/2010 9:57,WHITE WIRE EGG HOLDER,4.95,36,8b43ed61d2884823b1d70a20cd6e71ed,c7c4ea5deead4a2fad828adb13de5c4c
12/1/2010 9:57,JUMBO  BAG BAROQUE BLACK WHITE,1.65,100,ff4a6ed811534118a81f83e823410bb8,16f7dfb58b15447187fa7954d29ee361
12/1/2010 9:57,JUMBO BAG RED RETROSPOT,1.65,100,f24f2f0a900545bb83bf7155078f682e,16f7dfb58b15447187fa7954d29ee361
12/1/2010 9:58,CHILLI LIGHTS,3.82,192,a862e8989c5649eca264b58fda0e5aa9,24ee24888e154779b16470c6dbd4f9e7
12/1/2010 9:58,LIGHT GARLAND BUTTERFILES PINK,3.37,192,499af01c7a874eb3bd78cd9d7cc5fd45,ff82348479ce40c795f42828c8f8d106
12/1/2010 9:58,WOODEN OWLS LIGHT GARLAND ,3.37,192,6c35feefb6294ad392818560af5c916a,6a609d6353fe4cbfaaff193185f71214
12/1/2010 9:58,FAIRY TALE COTTAGE NIGHTLIGHT,1.45,432,f86017e824e847d89a3e0d7c8d7d7826,f8cecae446f84d4bb6173914f68fa1d0
12/1/2010 9:58,RED TOADSTOOL LED NIGHT LIGHT,1.25,432,8126fa80ee894ec18a498a46f7467ec7,2ead11ee2e414ecdad250ceda7f20e2a
12/1/2010 9:59,HOME BUILDING BLOCK WORD,5.95,3,9d97346f90494abcb58f037fb12c3b90,2ead11ee2e414ecdad250ceda7f20e2a
12/1/2010 9:59,LOVE BUILDING BLOCK WORD,5.95,3,9ba79b1d0d834424b6fbe59c73a9612e,59cfeb2fde1744368241e854c0a3c58f
12/1/2010 9:59,DOORMAT FANCY FONT HOME SWEET HOME,7.95,2,23e898379b944fd19a05d112ff31bc7f,9bb89c81eeda4bf09cf1b19beec0ca79
12/1/2010 9:59,HOME SMALL WOOD LETTERS,4.95,3,03a7b3830d3c44228aaf486a96a3cb33,e12b462f44554d6f99bb9a7f992a52a8
12/1/2010 9:59,GINGHAM HEART  DOORSTOP RED,4.25,3,0fa9c6f385c84ee892a7a751cc0e3bd5,c7c4ea5deead4a2fad828adb13de5c4c
12/1/2010 9:59,FIVE HEART HANGING DECORATION,2.95,6,624a8a1161ca4e73b73293810c8ef4b8,c7c4ea5deead4a2fad828adb13de5c4c
12/1/2010 9:59,HANGING METAL HEART LANTERN,1.65,12,ad191a0a5a5b4c59b167809d143a4d27,c7c4ea5deead4a2fad828adb13de5c4c
12/1/2010 9:59,ASSORTED BOTTLE TOP  MAGNETS ,0.42,12,dc55b6fd44fb4ee0a4f70abcbb29470e,16f7dfb58b15447187fa7954d29ee361
12/1/2010 9:59,FRIDGE MAGNETS US DINER ASSORTED,0.85,12,af1e95eff73540ca802fe90276f8f00d,24ee24888e154779b16470c6dbd4f9e7
12/1/2010 9:59,HOMEMADE JAM SCENTED CANDLES,1.45,12,b56234dc75ac4a0ca90595ed4a7158cd,ff82348479ce40c795f42828c8f8d106
12/1/2010 9:59,FRIDGE MAGNETS LES ENFANTS ASSORTED,0.85,12,75f94ebe58814e11bf72c41faab90cff,6a609d6353fe4cbfaaff193185f71214
12/1/2010 9:59,ROSE CARAVAN DOORSTOP,6.75,4,866775249e544ee68b2f4675093f3f4d,f8cecae446f84d4bb6173914f68fa1d0
12/1/2010 9:59,HEART OF WICKER SMALL,1.65,12,3010d3fecfb64cd88fea51471bb79e8a,2ead11ee2e414ecdad250ceda7f20e2a
12/1/2010 9:59,5 HOOK HANGER MAGIC TOADSTOOL,1.65,12,297edb87c7854d4ab42634e2f7605b98,2ead11ee2e414ecdad250ceda7f20e2a
12/1/2010 10:03,CHRISTMAS LIGHTS 10 REINDEER,8.5,6,7d234b17455f4df99af272741053547f,59cfeb2fde1744368241e854c0a3c58f
12/1/2010 10:03,VINTAGE UNION JACK CUSHION COVER,4.95,8,0ebcad3adbd341efb68108b9cba2db93,9bb89c81eeda4bf09cf1b19beec0ca79
12/1/2010 10:03,VINTAGE HEADS AND TAILS CARD GAME ,1.25,12,ada66c4e7bf44a80b8636285583ac7df,9bb89c81eeda4bf09cf1b19beec0ca79
12/1/2010 10:03,SET OF 3 COLOURED  FLYING DUCKS,5.45,6,60f6bdc3f7014b86a5187901ef9ef642,e12b462f44554d6f99bb9a7f992a52a8
12/1/2010 10:03,SET OF 3 GOLD FLYING DUCKS,6.35,4,eb160022709541deae66c1a6c83aff7d,e12b462f44554d6f99bb9a7f992a52a8
12/1/2010 10:03,RED RETROSPOT UMBRELLA,5.95,6,ada4532a0d9f49e6acb4a3ebe41fe141,e12b462f44554d6f99bb9a7f992a52a8
12/1/2010 10:03,BLACK/BLUE POLKADOT UMBRELLA,5.95,3,a6181ca04b4c4b8cb4a6f3a3496eb3c8,e12b462f44554d6f99bb9a7f992a52a8
12/1/2010 10:03,RED DINER WALL CLOCK,8.5,2,2ccac831b02b443ca4910661ed613585,c7c4ea5deead4a2fad828adb13de5c4c
12/1/2010 10:03,ALARM CLOCK BAKELIKE GREEN,3.75,4,2e4949122b394269a6afe2f408fb9d2a,c7c4ea5deead4a2fad828adb13de5c4c
12/1/2010 10:03,ALARM CLOCK BAKELIKE RED ,3.75,4,a328f45d142b40a79442dc60f09b7920,c7c4ea5deead4a2fad828adb13de5c4c
12/1/2010 10:03,BLUE DINER WALL CLOCK,8.5,2,018172d57ca64d999894b67408323f09,16f7dfb58b15447187fa7954d29ee361
12/1/2010 10:03,IVORY DINER WALL CLOCK,8.5,2,85a30be55eab40d3afdbf9889c580e50,24ee24888e154779b16470c6dbd4f9e7
12/1/2010 10:03,LARGE HEART MEASURING SPOONS,1.65,24,68fc40521f524038998fff7a1a97d869,24ee24888e154779b16470c6dbd4f9e7
12/1/2010 10:03,SMALL HEART MEASURING SPOONS,0.85,24,2d7ff745dd8e43e6a5dd65461ec4a1cd,ff82348479ce40c795f42828c8f8d106
12/1/2010 10:19,CHRISTMAS LIGHTS 10 REINDEER,8.5,2,cb1865ab315348adb3571273d9204d96,6a609d6353fe4cbfaaff193185f71214
12/1/2010 10:19,JAM MAKING SET WITH JARS,3.75,12,de9a12ff42ef4676ace2b25417656b5b,f8cecae446f84d4bb6173914f68fa1d0
12/1/2010 10:19,JAM MAKING SET PRINTED,1.45,12,c330cb72489d47b5852044a75d5d0d0c,2ead11ee2e414ecdad250ceda7f20e2a
12/1/2010 10:19,JAM JAR WITH PINK LID,0.72,48,9e01c152cac6464b8506e8462953d05c,59cfeb2fde1744368241e854c0a3c58f
12/1/2010 10:19,JAM JAR WITH GREEN LID,0.72,48,58ecfae71a7d4a06ab454ffdd2ff391d,59cfeb2fde1744368241e854c0a3c58f
12/1/2010 10:19,ROSE COTTAGE KEEPSAKE BOX ,8.5,8,bcf064c253a2421d8880e9cef04e5b09,9bb89c81eeda4bf09cf1b19beec0ca79
12/1/2010 10:19,HANGING HEART ZINC T-LIGHT HOLDER,0.64,144,aa726ec239ed43e4b59c6514a524344a,e12b462f44554d6f99bb9a7f992a52a8
12/1/2010 10:19,PAPER CHAIN KIT VINTAGE CHRISTMAS,2.55,40,46209113190d4906a6e11840b952ec82,c7c4ea5deead4a2fad828adb13de5c4c
12/1/2010 10:19,DISCO BALL CHRISTMAS DECORATION,0.1,288,b42d5e0261424985bee2fde5a63cca45,16f7dfb58b15447187fa7954d29ee361
12/1/2010 10:19,WHITE HANGING HEART T-LIGHT HOLDER,2.55,64,52158bad04a74a37a70fed3dc4c12ad0,24ee24888e154779b16470c6dbd4f9e7
12/1/2010 10:19,SMALL POPCORN HOLDER,0.72,100,a3c714477b7c4c99884797574b4cc066,ff82348479ce40c795f42828c8f8d106
12/1/2010 10:19,LARGE POPCORN HOLDER ,1.45,50,15818e796f13499f83de91b51c7453b7,ff82348479ce40c795f42828c8f8d106
12/1/2010 10:19,RETROSPOT LARGE MILK JUG,4.25,12,410422a7b398438d873cfc2bab4be939,6a609d6353fe4cbfaaff193185f71214
12/1/2010 10:19,SET/20 RED RETROSPOT PAPER NAPKINS ,0.64,96,62692351f3474a73979175d1870900b3,6a609d6353fe4cbfaaff193185f71214
12/1/2010 10:19,SET/6 RED SPOTTY PAPER PLATES,0.64,96,94d0732fe1974803aa0b7d03f75709e9,f8cecae446f84d4bb6173914f68fa1d0
12/1/2010 10:19,SET/6 RED SPOTTY PAPER CUPS,0.65,48,213757e74877462587c561dbaa60d265,2ead11ee2e414ecdad250ceda7f20e2a
12/1/2010 10:19,POLKADOT RAIN HAT ,0.32,144,7d915e1fbad5488ebda24651a19a355e,2ead11ee2e414ecdad250ceda7f20e2a
12/1/2010 10:19,DELUXE SEWING KIT ,4.95,40,c873a246e830494a8cf90d017df4058b,59cfeb2fde1744368241e854c0a3c58f
12/1/2010 10:19,RETROSPOT HEART HOT WATER BOTTLE,4.25,24,7ed5e4542bdd47e6819d6a1ef005e8be,59cfeb2fde1744368241e854c0a3c58f
12/1/2010 10:19,KNITTED UNION FLAG HOT WATER BOTTLE,3.39,24,77157b359725444d9026b29188c10fd8,59cfeb2fde1744368241e854c0a3c58f
12/1/2010 10:19,ENGLISH ROSE HOT WATER BOTTLE,3.75,24,cc7e51d7ac0a4b2c957d585865056aaa,59cfeb2fde1744368241e854c0a3c58f
12/1/2010 10:19,PHOTO CUBE,1.48,48,caee2fa5d5f84523b67fa4d25371d0bc,59cfeb2fde1744368241e854c0a3c58f
12/1/2010 10:19,HOMEMADE JAM SCENTED CANDLES,1.25,96,3414da03b6bd4b68bd4879aef11c45cb,9bb89c81eeda4bf09cf1b19beec0ca79
12/1/2010 10:19,JUMBO BAG RED RETROSPOT,1.65,100,84590592055f4d5bbd8c356f1fbf0521,e12b462f44554d6f99bb9a7f992a52a8
12/1/2010 10:24,PLASTERS IN TIN CIRCUS PARADE ,1.65,-12,6f968ab82a8543ce8830a9ebd96acdbe,e12b462f44554d6f99bb9a7f992a52a8
12/1/2010 10:24,PACK OF 12 PINK PAISLEY TISSUES ,0.29,-24,87f63c18bf3a4c24935a54d9f508f4a6,c7c4ea5deead4a2fad828adb13de5c4c
12/1/2010 10:24,PACK OF 12 BLUE PAISLEY TISSUES ,0.29,-24,b90c99be63594a7b8da190fbca4540f4,16f7dfb58b15447187fa7954d29ee361
12/1/2010 10:24,PACK OF 12 RED RETROSPOT TISSUES ,0.29,-24,2f6a1a3d63fc45e39ea9cb9f885f9705,24ee24888e154779b16470c6dbd4f9e7
12/1/2010 10:24,CHICK GREY HOT WATER BOTTLE,3.45,-12,d37f703c14e94094b4450c655603f1f6,ff82348479ce40c795f42828c8f8d106
12/1/2010 10:24,PLASTERS IN TIN VINTAGE PAISLEY ,1.65,-12,401456ef0003482bae4fd35fb33548e5,ff82348479ce40c795f42828c8f8d106
12/1/2010 10:24,PLASTERS IN TIN SKULLS,1.65,-24,2ec8b1af860b4de397b1ffac0be11451,6a609d6353fe4cbfaaff193185f71214
12/1/2010 10:29,3 STRIPEY MICE FELTCRAFT,1.95,6,41c1b3b52b1748c0a5fcc5b4eb07c405,f8cecae446f84d4bb6173914f68fa1d0
12/1/2010 10:29,SET OF 6 SOLDIER SKITTLES,3.75,4,3ab93259e1bc4f4da091bf61b77e8c38,f8cecae446f84d4bb6173914f68fa1d0
12/1/2010 10:29,TRADITIONAL WOODEN SKIPPING ROPE,1.25,12,3e57298794c94d15b26f2c6ea75d2535,2ead11ee2e414ecdad250ceda7f20e2a
12/1/2010 10:29,WOODEN BOX OF DOMINOES,1.25,12,c08879a88d1c41ecb9d43cb62acd181e,2ead11ee2e414ecdad250ceda7f20e2a
12/1/2010 10:29,RUSTIC  SEVENTEEN DRAWER SIDEBOARD,165.0,1,45ff533294b64d88bff16becd08c74cc,59cfeb2fde1744368241e854c0a3c58f
12/1/2010 10:29,PARTY CONES CARNIVAL ASSORTED,1.25,12,5118b0d5ef3140d99d86952183ddc38b,9bb89c81eeda4bf09cf1b19beec0ca79
12/1/2010 10:29,PARTY CONES CANDY ASSORTED,1.25,12,dd5202356e9847829416b246d407d26d,9bb89c81eeda4bf09cf1b19beec0ca79
12/1/2010 10:29,PICNIC BASKET WICKER SMALL,5.95,4,7eb43f21b94b40eab70086340e23c737,9bb89c81eeda4bf09cf1b19beec0ca79
12/1/2010 10:29,ASSORTED COLOUR BIRD ORNAMENT,1.69,16,450da157558948c39d0257fbb43924db,9bb89c81eeda4bf09cf1b19beec0ca79
12/1/2010 10:29,STAR DECORATION PAINTED ZINC ,0.65,24,7720db8c6b344365842bc227df3081d4,e12b462f44554d6f99bb9a7f992a52a8
12/1/2010 10:37,RETROSPOT LAMP,9.95,8,2a0033250cb844d198ff24dc14251e62,c7c4ea5deead4a2fad828adb13de5c4c
12/1/2010 10:39,"FANCY FONT BIRTHDAY CARD, ",0.42,24,55f56c52acdc4cdd93998deafd3483e8,c7c4ea5deead4a2fad828adb13de5c4c
12/1/2010 10:39,HAND WARMER UNION JACK,1.85,96,245eb092140b483e8e7a94b2deb84586,16f7dfb58b15447187fa7954d29ee361
12/1/2010 10:39,HAND WARMER SCOTTY DOG DESIGN,1.85,96,0eb8bdd9fdee4ae0accbf0599cf4799b,24ee24888e154779b16470c6dbd4f9e7
12/1/2010 10:39,HAND WARMER OWL DESIGN,1.85,96,475e5d6f2faa4984ab99fe2fb69b8f50,24ee24888e154779b16470c6dbd4f9e7
12/1/2010 10:39,HAND WARMER RED RETROSPOT,1.85,96,1c6f471d26a74708867de5699db367d5,ff82348479ce40c795f42828c8f8d106
12/1/2010 10:39,RETROSPOT HEART HOT WATER BOTTLE,4.95,12,7ca676ed71f44420b6d33c8ec9e7f44d,6a609d6353fe4cbfaaff193185f71214
12/1/2010 10:39,DOG BOWL CHASING BALL DESIGN,3.75,12,797c94834e314b8999d66332853400ae,6a609d6353fe4cbfaaff193185f71214
12/1/2010 10:39,CLOTHES PEGS RETROSPOT PACK 24 ,1.25,48,30ffd6d299454a80abedaa0f8b27100c,6a609d6353fe4cbfaaff193185f71214
12/1/2010 10:39,HAND OVER THE CHOCOLATE   SIGN ,2.1,12,50b75925efbd4c0b8417a90412d3fd85,6a609d6353fe4cbfaaff193185f71214
12/1/2010 10:39,WHITE HANGING HEART T-LIGHT HOLDER,2.55,32,ec70fbaf2cb143d6a10c47628d812331,6a609d6353fe4cbfaaff193185f71214
12/1/2010 10:39,TRAVEL SEWING KIT,1.65,20,13eac460887d4eba994378b75d95cfa1,f8cecae446f84d4bb6173914f68fa1d0
12/1/2010 10:47,BLACK HEART CARD HOLDER,3.95,8,c29fa9d75d41433b94d3e5f78d18f59c,2ead11ee2e414ecdad250ceda7f20e2a
12/1/2010 10:47,ASSORTED COLOUR BIRD ORNAMENT,1.69,32,1deb7ef6f0384f14a259adb3d7082bb7,2ead11ee2e414ecdad250ceda7f20e2a
12/1/2010 10:47,PACK OF 60 PINK PAISLEY CAKE CASES,0.55,24,d222cabca5154621a9d038c5ce6b542f,2ead11ee2e414ecdad250ceda7f20e2a
12/1/2010 10:47,60 TEATIME FAIRY CAKE CASES,0.55,24,475bc804623c4d2492032c4947b14dc2,59cfeb2fde1744368241e854c0a3c58f
12/1/2010 10:47,PACK OF 72 RETROSPOT CAKE CASES,0.55,24,0f09c660006243a694faa0271b9cc012,9bb89c81eeda4bf09cf1b19beec0ca79
12/1/2010 10:47,CHICK GREY HOT WATER BOTTLE,3.45,8,8b2d8486523d47faa02e879b4319beb1,e12b462f44554d6f99bb9a7f992a52a8
12/1/2010 10:47,SMALL GLASS HEART TRINKET POT,2.1,8,9e183ccb90ef449b8dcf00ebbd09c459,e12b462f44554d6f99bb9a7f992a52a8
12/1/2010 10:47,ALARM CLOCK BAKELIKE IVORY,3.75,4,49b9da9521de48858b36ada240d8e0e9,e12b462f44554d6f99bb9a7f992a52a8
12/1/2010 10:47,ALARM CLOCK BAKELIKE RED ,3.75,8,526dea56796e45f08402bede8ff1273d,c7c4ea5deead4a2fad828adb13de5c4c
12/1/2010 10:47,ALARM CLOCK BAKELIKE ORANGE,3.75,8,6ac2b58b3dca4d9e9fc14e08ca4671cf,c7c4ea5deead4a2fad828adb13de5c4c
12/1/2010 10:47,ALARM CLOCK BAKELIKE GREEN,3.75,8,befe33f33d7446d18d25af3b88580aae,16f7dfb58b15447187fa7954d29ee361
12/1/2010 10:47,HOT WATER BOTTLE TEA AND SYMPATHY,3.95,8,2a97055913fb4da9baab46402f216041,24ee24888e154779b16470c6dbd4f9e7
12/1/2010 10:47,HAND WARMER BIRD DESIGN,2.1,48,07da1e3da8bd4b0b9b13d09774d6fc82,ff82348479ce40c795f42828c8f8d106
12/1/2010 10:47,HAND WARMER SCOTTY DOG DESIGN,2.1,48,5f46c0a2fac74b38a82709610a1de86d,6a609d6353fe4cbfaaff193185f71214
12/1/2010 10:51,SET OF 3 BLACK FLYING DUCKS,4.65,12,750364fe180b4fb499d7e23e9f94f57a,6a609d6353fe4cbfaaff193185f71214
12/1/2010 10:51,SET OF 3 COLOURED  FLYING DUCKS,4.65,48,9738985b16b24fdf9f046a396c77694f,f8cecae446f84d4bb6173914f68fa1d0
12/1/2010 10:51,WHITE HANGING HEART T-LIGHT HOLDER,2.55,6,46d5c148ded248e6bc9db1eab6b38d6f,f8cecae446f84d4bb6173914f68fa1d0
12/1/2010 10:51,WHITE METAL LANTERN,3.39,6,9f9ded4bf1f54ded80332a028b75352d,2ead11ee2e414ecdad250ceda7f20e2a
12/1/2010 10:51,CREAM CUPID HEARTS COAT HANGER,2.75,8,90c8037791a84007b2a3b983f4cfec68,2ead11ee2e414ecdad250ceda7f20e2a
12/1/2010 10:51,EDWARDIAN PARASOL BLACK,4.95,6,3b83a981ac6f4d04be43c2385d3117ad,59cfeb2fde1744368241e854c0a3c58f
12/1/2010 10:51,EDWARDIAN PARASOL RED,4.95,6,c8b0265b97af4351b813acfd749de4d8,59cfeb2fde1744368241e854c0a3c58f
12/1/2010 10:51,RETRO COFFEE MUGS ASSORTED,1.06,6,279a37ff436e4ae9a81cde0f6097ab15,9bb89c81eeda4bf09cf1b19beec0ca79
12/1/2010 10:51,SAVE THE PLANET MUG,1.06,6,ac77afed526e47dcab2a3a01a6348423,e12b462f44554d6f99bb9a7f992a52a8
12/1/2010 10:51,VINTAGE BILLBOARD DRINK ME MUG,1.06,6,c5f8fa7c2fc54d80a60caba2e10924fb,c7c4ea5deead4a2fad828adb13de5c4c
12/1/2010 10:51,VINTAGE BILLBOARD LOVE/HATE MUG,1.06,6,8888010c77b5468b808bec5ca95949ee,c7c4ea5deead4a2fad828adb13de5c4c
12/1/2010 10:51,WOOD 2 DRAWER CABINET WHITE FINISH,4.95,2,c81cb5ad14c04e0cb63a6260f491c796,16f7dfb58b15447187fa7954d29ee361
12/1/2010 10:51,WOOD S/3 CABINET ANT WHITE FINISH,6.95,4,5b1a7566a41c4be3ae4acf3eaf94b903,24ee24888e154779b16470c6dbd4f9e7
12/1/2010 10:51,WOODEN PICTURE FRAME WHITE FINISH,2.1,6,27cd9d89fa5e490b97ed5de5c0e3e7b7,ff82348479ce40c795f42828c8f8d106
12/1/2010 10:51,WOODEN FRAME ANTIQUE WHITE ,2.55,12,7e2c30f9d8724b3e8f2fb303de7b7406,6a609d6353fe4cbfaaff193185f71214
12/1/2010 10:51,KNITTED UNION FLAG HOT WATER BOTTLE,3.39,6,7e4a541d5f154eb88f9e4637d93b4619,f8cecae446f84d4bb6173914f68fa1d0
12/1/2010 10:51,RED WOOLLY HOTTIE WHITE HEART.,3.39,6,ba2fa166215749f48257eb917e11e5ca,2ead11ee2e414ecdad250ceda7f20e2a
12/1/2010 10:51,SET 7 BABUSHKA NESTING BOXES,7.65,2,7d9305efdc38406f862c076e30dbe7ed,59cfeb2fde1744368241e854c0a3c58f
12/1/2010 10:51,IVORY EMBROIDERED QUILT ,35.75,2,a0794c9b8487495fb502a68c9c900479,59cfeb2fde1744368241e854c0a3c58f
12/1/2010 10:51,GLASS STAR FROSTED T-LIGHT HOLDER,4.25,6,a3d8efb44ab943008cdaa7cbd0a4866e,9bb89c81eeda4bf09cf1b19beec0ca79
12/1/2010 10:52,HAND WARMER RED POLKA DOT,1.85,6,db5a6830e0b841e7849737adea8a9fca,e12b462f44554d6f99bb9a7f992a52a8
12/1/2010 10:52,HAND WARMER UNION JACK,1.85,6,8e305beffd4f406988a40891506bb343,c7c4ea5deead4a2fad828adb13de5c4c
